Activity,Time,Application/Device
ReTweet,20-Mar-2020 09:40:42 +05:30,Twitter for iPhone
Reply To Tweet,20-Mar-2020 09:40:36 +05:30,Twitter for iPhone
ReTweet,20-Mar-2020 09:35:50 +05:30,Twitter for iPhone
Tweet,20-Mar-2020 09:35:41 +05:30,Twitter for iPhone
ReTweet,19-Mar-2020 06:40:22 +05:30,Twitter for iPhone
Tweet With Image,19-Mar-2020 06:32:59 +05:30,Twitter for iPhone
ReTweet,17-Mar-2020 22:38:05 +05:30,Twitter for iPhone
Tweet,17-Mar-2020 10:20:06 +05:30,Twitter for iPhone
ReTweet,15-Mar-2020 02:08:54 +05:30,Twitter for iPhone
Tweet,15-Mar-2020 02:08:39 +05:30,Twitter for iPhone
ReTweet,14-Mar-2020 04:03:33 +05:30,Twitter for iPhone
ReTweet,14-Mar-2020 04:01:33 +05:30,Twitter for iPhone
Tweet,14-Mar-2020 04:01:15 +05:30,Twitter for iPhone
Tweet With Image,14-Mar-2020 03:25:49 +05:30,Twitter for iPhone
ReTweet,14-Mar-2020 01:00:11 +05:30,Twitter for iPhone
ReTweet,13-Mar-2020 20:33:18 +05:30,Twitter for iPhone
ReTweet,13-Mar-2020 20:26:36 +05:30,Twitter for iPhone
ReTweet,12-Mar-2020 22:54:46 +05:30,Twitter for iPhone
ReTweet,12-Mar-2020 21:40:49 +05:30,Twitter for iPhone
Tweet With Image,12-Mar-2020 21:40:35 +05:30,Twitter for iPhone
ReTweet,12-Mar-2020 20:24:06 +05:30,Twitter for iPhone
ReTweet,12-Mar-2020 20:23:10 +05:30,Twitter for iPhone
ReTweet,12-Mar-2020 01:51:13 +05:30,Twitter for iPhone
ReTweet,11-Mar-2020 06:44:43 +05:30,Twitter for iPhone
Tweet With Image,11-Mar-2020 06:44:32 +05:30,Twitter for iPhone
ReTweet,11-Mar-2020 01:10:01 +05:30,Twitter for iPhone
ReTweet,10-Mar-2020 22:16:52 +05:30,Twitter for iPhone
ReTweet,10-Mar-2020 22:16:48 +05:30,Twitter for iPhone
Tweet With Image,10-Mar-2020 22:16:09 +05:30,Twitter for iPhone
Tweet With Image,10-Mar-2020 22:15:25 +05:30,Twitter for iPhone
ReTweet,10-Mar-2020 09:47:53 +05:30,Twitter for iPhone
ReTweet,10-Mar-2020 09:47:47 +05:30,Twitter for iPhone
ReTweet,10-Mar-2020 09:47:40 +05:30,Twitter for iPhone
ReTweet,10-Mar-2020 09:47:25 +05:30,Twitter for iPhone
ReTweet,10-Mar-2020 09:47:15 +05:30,Twitter for iPhone
Tweet With Image,10-Mar-2020 09:46:45 +05:30,Twitter for iPhone
ReTweet,10-Mar-2020 07:46:03 +05:30,Twitter for iPhone
ReTweet,09-Mar-2020 11:54:24 +05:30,Twitter for iPhone
ReTweet,09-Mar-2020 01:58:45 +05:30,Twitter for iPhone
Tweet With Video,08-Mar-2020 04:39:46 +05:30,Twitter for iPhone
ReTweet,08-Mar-2020 04:15:29 +05:30,Twitter for iPhone
ReTweet,06-Mar-2020 05:27:19 +05:30,Twitter for iPhone
Reply To Tweet,06-Mar-2020 05:27:14 +05:30,Twitter for iPhone
ReTweet,05-Mar-2020 23:33:23 +05:30,Twitter for iPhone
ReTweet,05-Mar-2020 23:09:02 +05:30,Twitter for iPhone
ReTweet,04-Mar-2020 08:17:28 +05:30,Twitter for iPhone
ReTweet,04-Mar-2020 08:17:23 +05:30,Twitter for iPhone
ReTweet,04-Mar-2020 06:00:15 +05:30,Twitter for iPhone
Reply To Tweet,04-Mar-2020 06:00:05 +05:30,Twitter for iPhone
ReTweet,03-Mar-2020 22:39:43 +05:30,Twitter for iPhone
Reply To Tweet,03-Mar-2020 22:39:22 +05:30,Twitter for iPhone
ReTweet,03-Mar-2020 05:14:24 +05:30,Twitter for iPhone
Reply To Tweet,03-Mar-2020 05:14:19 +05:30,Twitter for iPhone
ReTweet,03-Mar-2020 00:41:00 +05:30,Twitter for iPhone
ReTweet,03-Mar-2020 00:40:45 +05:30,Twitter for iPhone
ReTweet,03-Mar-2020 00:40:42 +05:30,Twitter for iPhone
ReTweet,29-Feb-2020 02:43:22 +05:30,Twitter for iPhone
ReTweet,29-Feb-2020 02:42:58 +05:30,Twitter for iPhone
ReTweet,29-Feb-2020 02:32:29 +05:30,Twitter for iPhone
ReTweet,29-Feb-2020 02:32:25 +05:30,Twitter for iPhone
ReTweet,29-Feb-2020 02:32:12 +05:30,Twitter for iPhone
Reply To Tweet,29-Feb-2020 02:32:09 +05:30,Twitter for iPhone
Tweet With Video,29-Feb-2020 01:36:50 +05:30,Twitter for iPhone
Tweet With Image,27-Feb-2020 22:49:23 +05:30,Twitter for iPhone
Tweet With Video,27-Feb-2020 22:16:16 +05:30,Twitter for iPhone
ReTweet,27-Feb-2020 10:03:45 +05:30,Twitter for iPhone
ReTweet,27-Feb-2020 09:25:55 +05:30,Twitter for iPhone
ReTweet,27-Feb-2020 07:26:31 +05:30,Twitter for iPhone
ReTweet,27-Feb-2020 07:06:06 +05:30,Twitter for iPhone
ReTweet,27-Feb-2020 03:52:54 +05:30,Twitter for iPhone
ReTweet,27-Feb-2020 02:35:45 +05:30,Twitter for iPhone
ReTweet,27-Feb-2020 02:34:25 +05:30,Twitter for iPhone
ReTweet,27-Feb-2020 00:46:40 +05:30,Twitter for iPhone
ReTweet,27-Feb-2020 00:15:29 +05:30,Twitter for iPhone
ReTweet,27-Feb-2020 00:15:19 +05:30,Twitter for iPhone
ReTweet,26-Feb-2020 22:45:55 +05:30,Twitter for iPhone
ReTweet,26-Feb-2020 22:37:16 +05:30,Twitter for iPhone
ReTweet,26-Feb-2020 22:37:07 +05:30,Twitter for iPhone
ReTweet,26-Feb-2020 22:36:45 +05:30,Twitter for iPhone
ReTweet,26-Feb-2020 22:14:36 +05:30,Twitter for iPhone
ReTweet,26-Feb-2020 22:14:29 +05:30,Twitter for iPhone
ReTweet,26-Feb-2020 22:14:23 +05:30,Twitter for iPhone
ReTweet,26-Feb-2020 22:10:52 +05:30,Twitter for iPhone
ReTweet,26-Feb-2020 22:09:37 +05:30,Twitter for iPhone
ReTweet,26-Feb-2020 22:09:29 +05:30,Twitter for iPhone
ReTweet,26-Feb-2020 22:09:12 +05:30,Twitter for iPhone
ReTweet,26-Feb-2020 22:08:55 +05:30,Twitter for iPhone
ReTweet,26-Feb-2020 22:08:46 +05:30,Twitter for iPhone
ReTweet,26-Feb-2020 22:08:33 +05:30,Twitter for iPhone
ReTweet,26-Feb-2020 21:42:26 +05:30,Twitter for iPhone
Tweet With Video,26-Feb-2020 21:36:09 +05:30,Twitter for iPhone
ReTweet,26-Feb-2020 19:42:10 +05:30,Twitter for iPhone
Tweet With Image,26-Feb-2020 19:40:08 +05:30,Twitter for iPhone
ReTweet,26-Feb-2020 19:31:00 +05:30,Twitter for iPhone
Tweet With Video,26-Feb-2020 18:45:23 +05:30,Twitter for iPhone
ReTweet,26-Feb-2020 03:50:34 +05:30,Twitter for iPhone
ReTweet,26-Feb-2020 03:15:52 +05:30,Twitter for iPhone
ReTweet,26-Feb-2020 03:15:37 +05:30,Twitter for iPhone
ReTweet,26-Feb-2020 03:12:12 +05:30,Twitter for iPhone
ReTweet,26-Feb-2020 03:11:47 +05:30,Twitter for iPhone
ReTweet,26-Feb-2020 00:43:21 +05:30,Twitter for iPhone
ReTweet,26-Feb-2020 00:43:17 +05:30,Twitter for iPhone
ReTweet,26-Feb-2020 00:21:57 +05:30,Twitter for iPhone
ReTweet,26-Feb-2020 00:16:48 +05:30,Twitter for iPhone
ReTweet,26-Feb-2020 00:16:40 +05:30,Twitter for iPhone
ReTweet,26-Feb-2020 00:16:32 +05:30,Twitter for iPhone
ReTweet,26-Feb-2020 00:16:29 +05:30,Twitter for iPhone
ReTweet,25-Feb-2020 23:46:52 +05:30,Twitter for iPhone
Tweet With Video,25-Feb-2020 23:32:58 +05:30,Twitter for iPhone
ReTweet,25-Feb-2020 22:44:08 +05:30,Twitter for iPhone
Tweet With Image,25-Feb-2020 22:43:36 +05:30,Twitter for iPhone
ReTweet,25-Feb-2020 19:52:03 +05:30,Twitter for iPhone
Tweet With Image,25-Feb-2020 19:51:06 +05:30,Twitter for iPhone
ReTweet,25-Feb-2020 04:27:49 +05:30,Twitter for iPhone
Tweet,25-Feb-2020 04:22:18 +05:30,Twitter for iPhone
ReTweet,25-Feb-2020 03:49:11 +05:30,Twitter for iPhone
Tweet With Image,25-Feb-2020 03:22:25 +05:30,Twitter for iPhone
ReTweet,24-Feb-2020 03:42:35 +05:30,Twitter for iPhone
ReTweet,23-Feb-2020 10:03:09 +05:30,Twitter for iPhone
ReTweet,23-Feb-2020 09:58:33 +05:30,Twitter for iPhone
ReTweet,23-Feb-2020 05:34:16 +05:30,Twitter for iPhone
ReTweet,23-Feb-2020 05:01:04 +05:30,Twitter for iPhone
ReTweet,23-Feb-2020 02:49:29 +05:30,Twitter for iPhone
ReTweet,23-Feb-2020 01:58:49 +05:30,Twitter for iPhone
Tweet With Video,22-Feb-2020 21:45:37 +05:30,Twitter Media Studio
ReTweet,22-Feb-2020 18:43:25 +05:30,Twitter for iPhone
Tweet,22-Feb-2020 18:43:16 +05:30,Twitter for iPhone
ReTweet,22-Feb-2020 07:42:01 +05:30,Twitter for iPhone
ReTweet,22-Feb-2020 03:52:14 +05:30,Twitter for iPhone
ReTweet,22-Feb-2020 03:51:09 +05:30,Twitter for iPhone
ReTweet,22-Feb-2020 03:49:12 +05:30,Twitter for iPhone
ReTweet,21-Feb-2020 05:33:13 +05:30,Twitter for iPhone
Tweet With Video,21-Feb-2020 05:12:02 +05:30,Twitter Media Studio
ReTweet,21-Feb-2020 05:01:56 +05:30,Twitter for iPhone
Tweet With Image,21-Feb-2020 04:35:14 +05:30,Twitter for iPhone
ReTweet,20-Feb-2020 23:01:18 +05:30,Twitter for iPhone
ReTweet,20-Feb-2020 19:15:10 +05:30,Twitter for iPhone
Tweet With Image,20-Feb-2020 19:05:18 +05:30,Twitter for iPhone
ReTweet,20-Feb-2020 08:18:12 +05:30,Twitter for iPhone
ReTweet,20-Feb-2020 04:57:13 +05:30,Twitter for iPhone
Tweet With Image,20-Feb-2020 04:57:07 +05:30,Twitter for iPhone
ReTweet,20-Feb-2020 04:49:35 +05:30,Twitter for iPhone
ReTweet,20-Feb-2020 04:49:30 +05:30,Twitter for iPhone
ReTweet,20-Feb-2020 02:10:50 +05:30,Twitter for iPhone
ReTweet,20-Feb-2020 01:42:23 +05:30,Twitter for iPhone
ReTweet,20-Feb-2020 01:09:35 +05:30,Twitter for iPhone
Tweet With Video,19-Feb-2020 23:54:45 +05:30,Twitter for iPhone
ReTweet,19-Feb-2020 22:06:00 +05:30,Twitter for iPhone
ReTweet,19-Feb-2020 22:05:52 +05:30,Twitter for iPhone
ReTweet,19-Feb-2020 22:05:45 +05:30,Twitter for iPhone
ReTweet,19-Feb-2020 22:04:43 +05:30,Twitter for iPhone
ReTweet,19-Feb-2020 21:16:24 +05:30,Twitter for iPhone
Tweet,19-Feb-2020 21:16:17 +05:30,Twitter for iPhone
ReTweet,18-Feb-2020 22:53:57 +05:30,Twitter for iPhone
ReTweet,18-Feb-2020 22:53:43 +05:30,Twitter for iPhone
ReTweet,18-Feb-2020 12:51:52 +05:30,Twitter for iPhone
ReTweet,18-Feb-2020 00:48:54 +05:30,Twitter for iPhone
ReTweet,17-Feb-2020 07:55:03 +05:30,Twitter for iPhone
Reply To Tweet,17-Feb-2020 07:54:48 +05:30,Twitter for iPhone
ReTweet,17-Feb-2020 06:12:39 +05:30,Twitter for iPhone
Reply To Tweet,17-Feb-2020 06:12:29 +05:30,Twitter for iPhone
ReTweet,17-Feb-2020 03:49:14 +05:30,Twitter for iPhone
Tweet With Image,17-Feb-2020 03:45:56 +05:30,Twitter for iPhone
ReTweet,17-Feb-2020 02:02:15 +05:30,Twitter for iPhone
ReTweet,16-Feb-2020 00:20:05 +05:30,Twitter for iPhone
ReTweet,16-Feb-2020 00:09:40 +05:30,Twitter for iPhone
ReTweet,15-Feb-2020 23:21:06 +05:30,Twitter for iPhone
Tweet With Image,15-Feb-2020 23:15:02 +05:30,Twitter for iPhone
ReTweet,15-Feb-2020 22:40:22 +05:30,Twitter for iPhone
ReTweet,15-Feb-2020 20:07:04 +05:30,Twitter for iPhone
Tweet With Image,15-Feb-2020 19:42:08 +05:30,Twitter for iPhone
ReTweet,15-Feb-2020 07:55:59 +05:30,Twitter for iPhone
Reply To Tweet,15-Feb-2020 07:55:48 +05:30,Twitter for iPhone
ReTweet,15-Feb-2020 03:50:39 +05:30,Twitter for iPhone
Tweet With Video,15-Feb-2020 03:50:21 +05:30,Twitter for iPhone
ReTweet,15-Feb-2020 02:31:18 +05:30,Twitter for iPhone
Reply To Tweet,15-Feb-2020 01:58:16 +05:30,Twitter for iPhone
ReTweet,15-Feb-2020 00:17:00 +05:30,Twitter for iPhone
ReTweet,14-Feb-2020 07:37:03 +05:30,Twitter for iPhone
Tweet With Video,14-Feb-2020 07:26:33 +05:30,Twitter for iPhone
ReTweet,14-Feb-2020 01:19:08 +05:30,Twitter for iPhone
ReTweet,13-Feb-2020 23:53:01 +05:30,Twitter for iPhone
ReTweet,13-Feb-2020 23:36:23 +05:30,Twitter for iPhone
ReTweet,13-Feb-2020 23:35:45 +05:30,Twitter for iPhone
Tweet With Video,13-Feb-2020 23:33:30 +05:30,Twitter for iPhone
Tweet With Image,13-Feb-2020 21:42:01 +05:30,Twitter for iPhone
Tweet With Video,13-Feb-2020 21:36:46 +05:30,Twitter for iPhone
Tweet With Image,13-Feb-2020 21:26:55 +05:30,Twitter for iPhone
ReTweet,13-Feb-2020 21:11:35 +05:30,Twitter for iPhone
Tweet With Image,13-Feb-2020 21:11:32 +05:30,Twitter for iPhone
ReTweet,13-Feb-2020 21:10:10 +05:30,Twitter for iPhone
Tweet,13-Feb-2020 21:10:03 +05:30,Twitter for iPhone
ReTweet,13-Feb-2020 21:09:11 +05:30,Twitter for iPhone
ReTweet,13-Feb-2020 21:09:07 +05:30,Twitter for iPhone
ReTweet,13-Feb-2020 21:08:57 +05:30,Twitter for iPhone
ReTweet,13-Feb-2020 16:37:54 +05:30,Twitter for iPhone
Tweet With Video,13-Feb-2020 15:07:19 +05:30,Twitter for iPhone
ReTweet,13-Feb-2020 05:21:50 +05:30,Twitter for iPhone
ReTweet,12-Feb-2020 22:51:57 +05:30,Twitter for iPhone
Tweet With Image,12-Feb-2020 22:51:03 +05:30,Twitter for iPhone
Tweet With Image,12-Feb-2020 21:46:00 +05:30,Twitter for iPhone
ReTweet,12-Feb-2020 21:41:03 +05:30,Twitter for iPhone
ReTweet,12-Feb-2020 21:41:00 +05:30,Twitter for iPhone
ReTweet,12-Feb-2020 21:40:57 +05:30,Twitter for iPhone
Tweet With Image,12-Feb-2020 21:38:15 +05:30,Twitter for iPhone
Tweet With Image,12-Feb-2020 21:37:30 +05:30,Twitter for iPhone
Tweet With Image,12-Feb-2020 21:35:56 +05:30,Twitter for iPhone
ReTweet,12-Feb-2020 14:52:41 +05:30,Twitter for iPhone
ReTweet,12-Feb-2020 14:52:36 +05:30,Twitter for iPhone
ReTweet,12-Feb-2020 14:52:25 +05:30,Twitter for iPhone
ReTweet,12-Feb-2020 13:12:22 +05:30,Twitter for iPhone
Reply To Tweet,12-Feb-2020 13:12:17 +05:30,Twitter for iPhone
ReTweet,12-Feb-2020 13:11:03 +05:30,Twitter for iPhone
Tweet With Image,12-Feb-2020 13:10:01 +05:30,Twitter for iPhone
ReTweet,11-Feb-2020 09:44:32 +05:30,Twitter for iPhone
Tweet,11-Feb-2020 09:41:47 +05:30,Twitter for iPhone
ReTweet,11-Feb-2020 06:28:26 +05:30,Twitter for iPhone
Tweet With Image,11-Feb-2020 06:28:21 +05:30,Twitter for iPhone
ReTweet,10-Feb-2020 23:31:53 +05:30,Twitter for iPhone
Reply To Tweet,10-Feb-2020 23:31:48 +05:30,Twitter for iPhone
ReTweet,10-Feb-2020 23:31:38 +05:30,Twitter for iPhone
ReTweet,10-Feb-2020 23:29:33 +05:30,Twitter for iPhone
Tweet With Video,10-Feb-2020 22:51:31 +05:30,Twitter for iPhone
Tweet With Image,10-Feb-2020 22:51:06 +05:30,Twitter for iPhone
ReTweet,10-Feb-2020 08:33:10 +05:30,Twitter for iPhone
Tweet With Image,10-Feb-2020 08:30:39 +05:30,Twitter for iPhone
ReTweet,10-Feb-2020 02:09:40 +05:30,Twitter for iPhone
ReTweet,10-Feb-2020 02:09:30 +05:30,Twitter for iPhone
ReTweet,10-Feb-2020 01:23:33 +05:30,Twitter for iPhone
Reply To Tweet,10-Feb-2020 01:23:16 +05:30,Twitter for iPhone
Tweet With Image,10-Feb-2020 01:22:15 +05:30,Twitter for iPhone
ReTweet,10-Feb-2020 00:48:56 +05:30,Twitter for iPhone
ReTweet,10-Feb-2020 00:22:46 +05:30,Twitter for iPhone
Reply To Tweet,10-Feb-2020 00:21:47 +05:30,Twitter for iPhone
ReTweet,09-Feb-2020 08:32:20 +05:30,Twitter for iPhone
ReTweet,09-Feb-2020 07:02:09 +05:30,Twitter for iPhone
ReTweet,09-Feb-2020 07:02:04 +05:30,Twitter for iPhone
ReTweet,09-Feb-2020 07:01:57 +05:30,Twitter for iPhone
ReTweet,09-Feb-2020 07:01:53 +05:30,Twitter for iPhone
ReTweet,09-Feb-2020 06:52:50 +05:30,Twitter for iPhone
Tweet,09-Feb-2020 04:24:06 +05:30,Twitter for iPhone
ReTweet,09-Feb-2020 04:20:25 +05:30,Twitter for iPhone
Reply To Tweet,09-Feb-2020 04:19:14 +05:30,Twitter for iPhone
ReTweet,09-Feb-2020 01:55:25 +05:30,Twitter for iPhone
ReTweet,09-Feb-2020 01:55:18 +05:30,Twitter for iPhone
Tweet With Video,09-Feb-2020 01:46:13 +05:30,Twitter for iPhone
Tweet With Video,09-Feb-2020 01:41:32 +05:30,Twitter for iPhone
ReTweet,08-Feb-2020 01:19:22 +05:30,Twitter for iPhone
ReTweet,08-Feb-2020 01:17:04 +05:30,Twitter for iPhone
Reply To Tweet,08-Feb-2020 01:16:59 +05:30,Twitter for iPhone
Reply To Tweet,08-Feb-2020 01:13:48 +05:30,Twitter for iPhone
Reply To Tweet,07-Feb-2020 10:23:02 +05:30,Twitter for iPhone
Reply To Tweet,07-Feb-2020 09:43:38 +05:30,Twitter for iPhone
Reply To Tweet,07-Feb-2020 09:36:54 +05:30,Twitter for iPhone
ReTweet,07-Feb-2020 09:36:24 +05:30,Twitter for iPhone
Reply To Tweet,07-Feb-2020 09:34:18 +05:30,Twitter for iPhone
Reply To Tweet,07-Feb-2020 09:15:57 +05:30,Twitter for iPhone
ReTweet,07-Feb-2020 09:13:30 +05:30,Twitter for iPhone
Tweet With Image,07-Feb-2020 09:12:56 +05:30,Twitter for iPhone
ReTweet,07-Feb-2020 05:47:17 +05:30,Twitter for iPhone
Tweet With Image,07-Feb-2020 05:43:59 +05:30,Twitter for iPhone
ReTweet,07-Feb-2020 03:43:01 +05:30,Twitter for iPhone
Tweet,07-Feb-2020 03:40:42 +05:30,Twitter for iPhone
ReTweet,07-Feb-2020 03:39:46 +05:30,Twitter for iPhone
Tweet With Image,07-Feb-2020 03:39:37 +05:30,Twitter for iPhone
ReTweet,07-Feb-2020 03:38:21 +05:30,Twitter for iPhone
ReTweet,07-Feb-2020 03:35:23 +05:30,Twitter for iPhone
ReTweet,07-Feb-2020 03:35:18 +05:30,Twitter for iPhone
ReTweet,07-Feb-2020 01:12:56 +05:30,Twitter for iPhone
ReTweet,05-Feb-2020 12:54:06 +05:30,Twitter for iPhone
Reply To Tweet,05-Feb-2020 12:53:46 +05:30,Twitter for iPhone
Reply To Tweet,05-Feb-2020 11:58:53 +05:30,Twitter for iPhone
ReTweet,05-Feb-2020 11:53:40 +05:30,Twitter for iPhone
Reply To Tweet,05-Feb-2020 11:53:27 +05:30,Twitter for iPhone
ReTweet,05-Feb-2020 09:37:32 +05:30,Twitter for iPhone
Tweet With Image,05-Feb-2020 09:35:43 +05:30,Twitter for iPhone
ReTweet,05-Feb-2020 08:56:04 +05:30,Twitter for iPhone
Reply To Tweet,05-Feb-2020 08:12:21 +05:30,Twitter for iPhone
ReTweet,05-Feb-2020 08:12:09 +05:30,Twitter for iPhone
Reply To Tweet,05-Feb-2020 07:49:49 +05:30,Twitter for iPhone
Reply To Tweet,05-Feb-2020 07:18:18 +05:30,Twitter for iPhone
Reply To Tweet,05-Feb-2020 06:47:29 +05:30,Twitter for iPhone
ReTweet,05-Feb-2020 06:35:49 +05:30,Twitter for iPhone
Reply To Tweet,05-Feb-2020 06:35:19 +05:30,Twitter for iPhone
ReTweet,05-Feb-2020 06:26:23 +05:30,Twitter for iPhone
Reply To Tweet,05-Feb-2020 06:25:58 +05:30,Twitter for iPhone
ReTweet,05-Feb-2020 05:17:45 +05:30,Twitter for iPhone
Reply To Tweet,05-Feb-2020 05:17:29 +05:30,Twitter for iPhone
ReTweet,05-Feb-2020 05:11:39 +05:30,Twitter for iPhone
Tweet With Image,05-Feb-2020 03:56:35 +05:30,Twitter for iPhone
ReTweet,05-Feb-2020 03:56:25 +05:30,Twitter for iPhone
Tweet With Image,05-Feb-2020 03:56:00 +05:30,Twitter for iPhone
ReTweet,30-Jan-2020 22:08:50 +05:30,Twitter for iPhone
ReTweet,30-Jan-2020 20:33:39 +05:30,Twitter for iPhone
Tweet,30-Jan-2020 20:05:00 +05:30,Twitter for iPhone
ReTweet,29-Jan-2020 23:08:25 +05:30,Twitter for iPhone
Tweet,29-Jan-2020 23:08:22 +05:30,Twitter for iPhone
ReTweet,29-Jan-2020 20:14:20 +05:30,Twitter for iPhone
ReTweet,29-Jan-2020 20:14:17 +05:30,Twitter for iPhone
ReTweet,29-Jan-2020 20:14:13 +05:30,Twitter for iPhone
ReTweet,29-Jan-2020 20:14:06 +05:30,Twitter for iPhone
Tweet With Video,29-Jan-2020 18:05:35 +05:30,Twitter for iPhone
ReTweet,29-Jan-2020 03:38:09 +05:30,Twitter for iPhone
Tweet With Video,29-Jan-2020 02:30:38 +05:30,Twitter for iPhone
ReTweet,28-Jan-2020 12:12:14 +05:30,Twitter for iPhone
Tweet,28-Jan-2020 12:10:52 +05:30,Twitter for iPhone
ReTweet,28-Jan-2020 07:57:53 +05:30,Twitter for iPhone
Tweet,28-Jan-2020 07:52:56 +05:30,Twitter for iPhone
Tweet With Video,28-Jan-2020 03:09:47 +05:30,Twitter for iPhone
Tweet With Video,28-Jan-2020 01:04:52 +05:30,Twitter for iPhone
Tweet With Video,28-Jan-2020 01:02:57 +05:30,Twitter for iPhone
ReTweet,27-Jan-2020 22:18:57 +05:30,Twitter for iPhone
ReTweet,27-Jan-2020 03:47:10 +05:30,Twitter for iPhone
Reply To Tweet,27-Jan-2020 03:47:04 +05:30,Twitter for iPhone
ReTweet,27-Jan-2020 01:29:41 +05:30,Twitter for iPhone
ReTweet,27-Jan-2020 01:19:42 +05:30,Twitter for iPhone
Tweet,27-Jan-2020 01:19:29 +05:30,Twitter for iPhone
ReTweet,27-Jan-2020 00:13:26 +05:30,Twitter for iPhone
ReTweet,27-Jan-2020 00:13:22 +05:30,Twitter for iPhone
Tweet With Video,26-Jan-2020 21:08:38 +05:30,Twitter for iPhone
Tweet With Video,26-Jan-2020 13:04:42 +05:30,Twitter for iPhone
ReTweet,26-Jan-2020 08:15:14 +05:30,Twitter for iPhone
ReTweet,25-Jan-2020 16:03:48 +05:30,Twitter for iPhone
ReTweet,25-Jan-2020 16:03:37 +05:30,Twitter for iPhone
ReTweet,25-Jan-2020 16:03:24 +05:30,Twitter for iPhone
ReTweet,25-Jan-2020 16:03:21 +05:30,Twitter for iPhone
ReTweet,25-Jan-2020 16:03:05 +05:30,Twitter for iPhone
ReTweet,25-Jan-2020 15:45:12 +05:30,Twitter for iPhone
ReTweet,25-Jan-2020 02:20:39 +05:30,Twitter for iPhone
Tweet With Video,25-Jan-2020 02:19:44 +05:30,Twitter Media Studio
ReTweet,24-Jan-2020 23:52:00 +05:30,Twitter for iPhone
ReTweet,24-Jan-2020 23:51:34 +05:30,Twitter for iPhone
ReTweet,24-Jan-2020 23:51:20 +05:30,Twitter for iPhone
ReTweet,24-Jan-2020 23:51:01 +05:30,Twitter for iPhone
ReTweet,24-Jan-2020 21:45:31 +05:30,Twitter for iPhone
Tweet,24-Jan-2020 21:42:34 +05:30,Twitter for iPhone
Tweet,24-Jan-2020 21:41:24 +05:30,Twitter for iPhone
ReTweet,24-Jan-2020 06:32:00 +05:30,Twitter for iPhone
Tweet With Image,24-Jan-2020 06:31:47 +05:30,Twitter for iPhone
Tweet With Image,24-Jan-2020 02:25:14 +05:30,Twitter for iPhone
Tweet With Image,24-Jan-2020 02:22:40 +05:30,Twitter for iPhone
ReTweet,24-Jan-2020 02:22:28 +05:30,Twitter for iPhone
Tweet With Image,24-Jan-2020 02:20:59 +05:30,Twitter for iPhone
Tweet With Video,24-Jan-2020 02:12:26 +05:30,Twitter Media Studio
ReTweet,23-Jan-2020 12:32:56 +05:30,Twitter for iPhone
Tweet,23-Jan-2020 12:24:25 +05:30,Twitter for iPhone
Tweet,23-Jan-2020 12:20:14 +05:30,Twitter for iPhone
ReTweet,23-Jan-2020 05:58:12 +05:30,Twitter for iPhone
Reply To Tweet,23-Jan-2020 05:58:06 +05:30,Twitter for iPhone
ReTweet,22-Jan-2020 10:25:35 +05:30,Twitter for iPhone
Tweet,22-Jan-2020 10:24:31 +05:30,Twitter for iPhone
Reply To Tweet,21-Jan-2020 06:57:49 +05:30,Twitter for iPhone
ReTweet,21-Jan-2020 06:30:29 +05:30,Twitter for iPhone
Tweet With Image,21-Jan-2020 06:30:14 +05:30,Twitter for iPhone
Reply To Tweet,21-Jan-2020 06:21:50 +05:30,Twitter for iPhone
Reply To Tweet,21-Jan-2020 06:18:03 +05:30,Twitter for iPhone
Reply To Tweet,21-Jan-2020 06:17:28 +05:30,Twitter for iPhone
Reply To Tweet,21-Jan-2020 05:59:24 +05:30,Twitter for iPhone
Reply To Tweet,21-Jan-2020 05:35:37 +05:30,Twitter for iPhone
ReTweet,21-Jan-2020 01:29:45 +05:30,Twitter for iPhone
ReTweet,21-Jan-2020 01:29:36 +05:30,Twitter for iPhone
ReTweet,21-Jan-2020 01:29:28 +05:30,Twitter for iPhone
ReTweet,21-Jan-2020 01:29:20 +05:30,Twitter for iPhone
ReTweet,21-Jan-2020 01:00:19 +05:30,Twitter for iPhone
ReTweet,19-Jan-2020 17:45:24 +05:30,Twitter for iPhone
Reply To Tweet,19-Jan-2020 17:44:09 +05:30,Twitter for iPhone
ReTweet,19-Jan-2020 17:36:14 +05:30,Twitter for iPhone
Reply To Tweet,19-Jan-2020 17:36:09 +05:30,Twitter for iPhone
ReTweet,19-Jan-2020 16:34:56 +05:30,Twitter for iPhone
ReTweet,19-Jan-2020 16:34:22 +05:30,Twitter for iPhone
ReTweet,19-Jan-2020 14:21:02 +05:30,Twitter for iPhone
ReTweet,19-Jan-2020 12:31:29 +05:30,Twitter for iPhone
ReTweet,19-Jan-2020 12:31:10 +05:30,Twitter for iPhone
ReTweet,19-Jan-2020 12:28:22 +05:30,Twitter for iPhone
Tweet,19-Jan-2020 12:28:03 +05:30,Twitter for iPhone
Tweet With Image,19-Jan-2020 12:01:24 +05:30,Twitter for iPhone
Reply To Tweet,19-Jan-2020 07:57:12 +05:30,Twitter for iPhone
Reply To Tweet,19-Jan-2020 07:50:43 +05:30,Twitter for iPhone
Reply To Tweet,19-Jan-2020 07:14:47 +05:30,Twitter for iPhone
Tweet,19-Jan-2020 04:35:23 +05:30,Twitter for iPhone
ReTweet,13-Jan-2020 09:07:11 +05:30,Twitter for iPhone
Tweet With Video,13-Jan-2020 05:48:46 +05:30,Twitter for iPhone
Reply To Tweet,13-Jan-2020 05:26:26 +05:30,Twitter for iPhone
ReTweet,13-Jan-2020 05:24:04 +05:30,Twitter for iPhone
ReTweet,13-Jan-2020 05:22:50 +05:30,Twitter for iPhone
Reply To Tweet,13-Jan-2020 05:22:46 +05:30,Twitter for iPhone
ReTweet,13-Jan-2020 04:28:46 +05:30,Twitter for iPhone
Tweet,13-Jan-2020 04:28:08 +05:30,Twitter for iPhone
ReTweet,13-Jan-2020 04:24:26 +05:30,Twitter for iPhone
Tweet With Video,13-Jan-2020 04:22:49 +05:30,Twitter for iPhone
ReTweet,13-Jan-2020 03:31:42 +05:30,Twitter for iPhone
Reply To Tweet,13-Jan-2020 03:31:34 +05:30,Twitter for iPhone
ReTweet,13-Jan-2020 02:59:43 +05:30,Twitter for iPhone
Tweet With Image,13-Jan-2020 02:59:37 +05:30,Twitter for iPhone
ReTweet,13-Jan-2020 02:52:06 +05:30,Twitter for iPhone
Tweet With Video,13-Jan-2020 02:51:57 +05:30,Twitter for iPhone
ReTweet,13-Jan-2020 02:33:38 +05:30,Twitter for iPhone
Tweet,13-Jan-2020 02:33:31 +05:30,Twitter for iPhone
ReTweet,13-Jan-2020 02:02:05 +05:30,Twitter for iPhone
Tweet With Video,13-Jan-2020 01:59:55 +05:30,Twitter for iPhone
ReTweet,13-Jan-2020 01:54:27 +05:30,Twitter for iPhone
Tweet With Image,13-Jan-2020 01:54:20 +05:30,Twitter for iPhone
ReTweet,13-Jan-2020 01:41:47 +05:30,Twitter for iPhone
ReTweet,13-Jan-2020 01:33:12 +05:30,Twitter for iPhone
ReTweet,13-Jan-2020 01:33:08 +05:30,Twitter for iPhone
Tweet With Image,13-Jan-2020 01:26:43 +05:30,Twitter for iPhone
Tweet With Image,13-Jan-2020 01:26:30 +05:30,Twitter for iPhone
ReTweet,13-Jan-2020 01:23:14 +05:30,Twitter for iPhone
Tweet With Image,13-Jan-2020 01:23:02 +05:30,Twitter for iPhone
ReTweet,13-Jan-2020 00:27:39 +05:30,Twitter for iPhone
ReTweet,12-Jan-2020 22:21:07 +05:30,Twitter for iPhone
ReTweet,12-Jan-2020 22:16:06 +05:30,Twitter for iPhone
ReTweet,12-Jan-2020 22:10:36 +05:30,Twitter for iPhone
ReTweet,12-Jan-2020 21:57:23 +05:30,Twitter for iPhone
Tweet With Video,12-Jan-2020 21:55:36 +05:30,Twitter for iPhone
Tweet,12-Jan-2020 21:48:54 +05:30,Twitter for iPhone
ReTweet,12-Jan-2020 20:59:25 +05:30,Twitter for iPhone
Tweet With Image,12-Jan-2020 19:56:04 +05:30,Twitter for iPhone
ReTweet,12-Jan-2020 18:09:06 +05:30,Twitter for iPhone
ReTweet,12-Jan-2020 08:03:16 +05:30,Twitter for iPhone
ReTweet,12-Jan-2020 08:02:46 +05:30,Twitter for iPhone
ReTweet,12-Jan-2020 07:18:40 +05:30,Twitter for iPhone
ReTweet,12-Jan-2020 06:20:16 +05:30,Twitter for iPhone
ReTweet,12-Jan-2020 04:43:13 +05:30,Twitter for iPhone
ReTweet,12-Jan-2020 03:51:32 +05:30,Twitter for iPhone
ReTweet,12-Jan-2020 03:29:15 +05:30,Twitter for iPhone
Tweet With Image,12-Jan-2020 03:25:21 +05:30,Twitter for iPhone
ReTweet,12-Jan-2020 02:53:51 +05:30,Twitter for iPhone
Tweet,12-Jan-2020 02:53:48 +05:30,Twitter for iPhone
ReTweet,12-Jan-2020 02:50:18 +05:30,Twitter for iPhone
Tweet With Video,12-Jan-2020 01:27:23 +05:30,Twitter for iPhone
ReTweet,12-Jan-2020 01:26:37 +05:30,Twitter for iPhone
Tweet With Image,12-Jan-2020 00:18:41 +05:30,Twitter for iPhone
ReTweet,11-Jan-2020 05:57:35 +05:30,Twitter for iPhone
Tweet,11-Jan-2020 05:57:26 +05:30,Twitter for iPhone
ReTweet,11-Jan-2020 03:50:14 +05:30,Twitter for iPhone
Tweet With Image,11-Jan-2020 03:49:51 +05:30,Twitter for iPhone
ReTweet,11-Jan-2020 03:44:54 +05:30,Twitter for iPhone
Tweet,11-Jan-2020 01:58:21 +05:30,Twitter for iPhone
ReTweet,11-Jan-2020 01:37:39 +05:30,Twitter for iPhone
ReTweet,11-Jan-2020 01:35:27 +05:30,Twitter for iPhone
ReTweet,11-Jan-2020 01:10:51 +05:30,Twitter for iPhone
Tweet With Video,11-Jan-2020 00:43:29 +05:30,Twitter for iPhone
ReTweet,10-Jan-2020 22:47:27 +05:30,Twitter for iPhone
ReTweet,10-Jan-2020 22:47:16 +05:30,Twitter for iPhone
ReTweet,10-Jan-2020 21:57:39 +05:30,Twitter for iPhone
ReTweet,10-Jan-2020 21:48:37 +05:30,Twitter for iPhone
Tweet,10-Jan-2020 21:11:33 +05:30,Twitter for iPhone
ReTweet,10-Jan-2020 20:00:34 +05:30,Twitter for iPhone
ReTweet,10-Jan-2020 18:55:28 +05:30,Twitter for iPhone
Reply To Tweet,10-Jan-2020 18:55:21 +05:30,Twitter for iPhone
ReTweet,10-Jan-2020 18:49:52 +05:30,Twitter for iPhone
Tweet With Image,10-Jan-2020 18:17:49 +05:30,Twitter for iPhone
ReTweet,10-Jan-2020 18:09:41 +05:30,Twitter for iPhone
ReTweet,10-Jan-2020 18:09:31 +05:30,Twitter for iPhone
ReTweet,10-Jan-2020 18:09:29 +05:30,Twitter for iPhone
ReTweet,10-Jan-2020 16:35:54 +05:30,Twitter for iPhone
ReTweet,10-Jan-2020 16:35:38 +05:30,Twitter for iPhone
ReTweet,10-Jan-2020 07:17:59 +05:30,Twitter for iPhone
ReTweet,10-Jan-2020 05:30:08 +05:30,Twitter for iPhone
Tweet With Image,10-Jan-2020 05:29:53 +05:30,Twitter for iPhone
Tweet With Image,10-Jan-2020 04:57:21 +05:30,Twitter for iPhone
ReTweet,10-Jan-2020 04:54:05 +05:30,Twitter for iPhone
ReTweet,10-Jan-2020 04:54:01 +05:30,Twitter for iPhone
ReTweet,10-Jan-2020 04:53:53 +05:30,Twitter for iPhone
ReTweet,10-Jan-2020 04:52:47 +05:30,Twitter for iPhone
ReTweet,10-Jan-2020 04:50:05 +05:30,Twitter for iPhone
Reply To Tweet,10-Jan-2020 04:46:11 +05:30,Twitter for iPhone
ReTweet,10-Jan-2020 04:45:49 +05:30,Twitter for iPhone
ReTweet,10-Jan-2020 04:35:34 +05:30,Twitter for iPhone
ReTweet,10-Jan-2020 04:15:06 +05:30,Twitter for iPhone
ReTweet,10-Jan-2020 04:14:52 +05:30,Twitter for iPhone
ReTweet,09-Jan-2020 18:52:35 +05:30,Twitter for iPhone
ReTweet,09-Jan-2020 18:45:44 +05:30,Twitter for iPhone
Reply To Tweet,09-Jan-2020 18:45:27 +05:30,Twitter for iPhone
ReTweet,09-Jan-2020 18:08:09 +05:30,Twitter for iPhone
ReTweet,09-Jan-2020 03:55:42 +05:30,Twitter for iPhone
ReTweet,09-Jan-2020 03:55:35 +05:30,Twitter for iPhone
Tweet With Video,09-Jan-2020 03:05:45 +05:30,Twitter for iPhone
ReTweet,09-Jan-2020 03:00:46 +05:30,Twitter for iPhone
Tweet With Image,09-Jan-2020 03:00:15 +05:30,Twitter for iPhone
Tweet With Image,09-Jan-2020 02:40:56 +05:30,Twitter for iPhone
ReTweet,09-Jan-2020 01:40:52 +05:30,Twitter for iPhone
ReTweet,09-Jan-2020 01:40:48 +05:30,Twitter for iPhone
Tweet With Video,09-Jan-2020 01:27:55 +05:30,Twitter for iPhone
Tweet With Video,09-Jan-2020 00:34:52 +05:30,Twitter for iPhone
ReTweet,08-Jan-2020 23:45:29 +05:30,Twitter for iPhone
ReTweet,08-Jan-2020 23:45:20 +05:30,Twitter for iPhone
ReTweet,08-Jan-2020 23:44:58 +05:30,Twitter for iPhone
ReTweet,08-Jan-2020 10:37:02 +05:30,Twitter for iPhone
ReTweet,08-Jan-2020 10:30:14 +05:30,Twitter for iPhone
Tweet,08-Jan-2020 10:30:09 +05:30,Twitter for iPhone
ReTweet,08-Jan-2020 09:25:43 +05:30,Twitter for iPhone
ReTweet,08-Jan-2020 09:25:24 +05:30,Twitter for iPhone
ReTweet,08-Jan-2020 09:23:34 +05:30,Twitter for iPhone
ReTweet,08-Jan-2020 09:23:23 +05:30,Twitter for iPhone
ReTweet,08-Jan-2020 09:23:17 +05:30,Twitter for iPhone
Reply To Tweet,08-Jan-2020 09:21:47 +05:30,Twitter for iPhone
ReTweet,08-Jan-2020 09:21:36 +05:30,Twitter for iPhone
ReTweet,08-Jan-2020 09:21:26 +05:30,Twitter for iPhone
ReTweet,08-Jan-2020 08:46:02 +05:30,Twitter for iPhone
Tweet With Image,08-Jan-2020 08:44:24 +05:30,Twitter for iPhone
ReTweet,08-Jan-2020 08:27:25 +05:30,Twitter for iPhone
ReTweet,08-Jan-2020 08:27:10 +05:30,Twitter for iPhone
ReTweet,08-Jan-2020 08:27:04 +05:30,Twitter for iPhone
ReTweet,08-Jan-2020 08:26:58 +05:30,Twitter for iPhone
ReTweet,08-Jan-2020 08:23:39 +05:30,Twitter for iPhone
ReTweet,08-Jan-2020 06:16:30 +05:30,Twitter for iPhone
ReTweet,08-Jan-2020 06:04:53 +05:30,Twitter for iPhone
ReTweet,08-Jan-2020 02:21:49 +05:30,Twitter for iPhone
ReTweet,08-Jan-2020 02:20:17 +05:30,Twitter for iPhone
Tweet,08-Jan-2020 02:20:13 +05:30,Twitter for iPhone
ReTweet,08-Jan-2020 01:16:51 +05:30,Twitter for iPhone
Reply To Tweet,08-Jan-2020 01:16:46 +05:30,Twitter for iPhone
Tweet With Video,08-Jan-2020 00:18:18 +05:30,Twitter for iPhone
ReTweet,08-Jan-2020 00:11:03 +05:30,Twitter for iPhone
ReTweet,08-Jan-2020 00:10:59 +05:30,Twitter for iPhone
ReTweet,08-Jan-2020 00:10:52 +05:30,Twitter for iPhone
ReTweet,08-Jan-2020 00:03:16 +05:30,Twitter for iPhone
Tweet With Image,08-Jan-2020 00:01:28 +05:30,Twitter for iPhone
ReTweet,07-Jan-2020 23:09:02 +05:30,Twitter for iPhone
Tweet,07-Jan-2020 23:08:59 +05:30,Twitter for iPhone
ReTweet,07-Jan-2020 22:16:29 +05:30,Twitter for iPhone
Tweet With Image,07-Jan-2020 22:12:16 +05:30,Twitter for iPhone
Tweet With Video,07-Jan-2020 21:22:47 +05:30,Twitter for iPhone
ReTweet,07-Jan-2020 00:59:08 +05:30,Twitter for iPhone
Tweet With Image,07-Jan-2020 00:58:22 +05:30,Twitter for iPhone
ReTweet,07-Jan-2020 00:33:50 +05:30,Twitter for iPhone
ReTweet,07-Jan-2020 00:11:43 +05:30,Twitter for iPhone
Reply To Tweet,07-Jan-2020 00:11:32 +05:30,Twitter for iPhone
ReTweet,06-Jan-2020 23:04:14 +05:30,Twitter for iPhone
ReTweet,06-Jan-2020 22:53:29 +05:30,Twitter for iPhone
Reply To Tweet,06-Jan-2020 22:53:20 +05:30,Twitter for iPhone
ReTweet,06-Jan-2020 21:39:19 +05:30,Twitter for iPhone
Tweet,06-Jan-2020 21:39:14 +05:30,Twitter for iPhone
ReTweet,06-Jan-2020 21:38:13 +05:30,Twitter for iPhone
Tweet With Video,06-Jan-2020 21:36:45 +05:30,Twitter for iPhone
ReTweet,06-Jan-2020 20:20:12 +05:30,Twitter for iPhone
Tweet With Video,06-Jan-2020 19:12:59 +05:30,Twitter Media Studio
ReTweet,06-Jan-2020 19:08:09 +05:30,Twitter for iPhone
Reply To Tweet,06-Jan-2020 19:08:03 +05:30,Twitter for iPhone
ReTweet,06-Jan-2020 19:07:27 +05:30,Twitter for iPhone
ReTweet,06-Jan-2020 18:41:21 +05:30,Twitter for iPhone
Reply To Tweet,06-Jan-2020 18:40:38 +05:30,Twitter for iPhone
Tweet With Video,06-Jan-2020 18:12:38 +05:30,Twitter for iPhone
ReTweet,06-Jan-2020 09:35:14 +05:30,Twitter for iPhone
ReTweet,06-Jan-2020 09:35:11 +05:30,Twitter for iPhone
Reply To Tweet,06-Jan-2020 09:35:07 +05:30,Twitter for iPhone
ReTweet,06-Jan-2020 07:52:11 +05:30,Twitter for iPhone
ReTweet,06-Jan-2020 07:32:03 +05:30,Twitter for iPhone
ReTweet,06-Jan-2020 07:32:00 +05:30,Twitter for iPhone
ReTweet,06-Jan-2020 07:31:49 +05:30,Twitter for iPhone
ReTweet,06-Jan-2020 07:31:46 +05:30,Twitter for iPhone
ReTweet,06-Jan-2020 07:31:39 +05:30,Twitter for iPhone
ReTweet,06-Jan-2020 07:31:36 +05:30,Twitter for iPhone
ReTweet,06-Jan-2020 07:31:27 +05:30,Twitter for iPhone
ReTweet,06-Jan-2020 07:31:23 +05:30,Twitter for iPhone
ReTweet,06-Jan-2020 07:31:14 +05:30,Twitter for iPhone
ReTweet,06-Jan-2020 07:31:09 +05:30,Twitter for iPhone
ReTweet,06-Jan-2020 07:31:00 +05:30,Twitter for iPhone
ReTweet,06-Jan-2020 07:30:57 +05:30,Twitter for iPhone
ReTweet,06-Jan-2020 04:33:40 +05:30,Twitter for iPhone
Tweet With Video,06-Jan-2020 03:21:35 +05:30,Twitter for iPhone
ReTweet,06-Jan-2020 02:54:19 +05:30,Twitter for iPhone
ReTweet,06-Jan-2020 02:54:14 +05:30,Twitter for iPhone
ReTweet,06-Jan-2020 02:54:12 +05:30,Twitter for iPhone
ReTweet,06-Jan-2020 02:54:04 +05:30,Twitter for iPhone
ReTweet,06-Jan-2020 02:30:41 +05:30,Twitter for iPhone
ReTweet,06-Jan-2020 01:10:10 +05:30,Twitter for iPhone
ReTweet,06-Jan-2020 00:04:50 +05:30,Twitter for iPhone
Tweet With Image,06-Jan-2020 00:04:39 +05:30,Twitter for iPhone
Reply To Tweet,06-Jan-2020 00:03:45 +05:30,Twitter for iPhone
ReTweet,06-Jan-2020 00:03:35 +05:30,Twitter for iPhone
ReTweet,05-Jan-2020 23:43:16 +05:30,Twitter for iPhone
ReTweet,05-Jan-2020 23:43:10 +05:30,Twitter for iPhone
Tweet With Image,05-Jan-2020 23:37:49 +05:30,Twitter for iPhone
ReTweet,05-Jan-2020 23:22:19 +05:30,Twitter for iPhone
Tweet With Video,05-Jan-2020 23:21:06 +05:30,Twitter for iPhone
ReTweet,05-Jan-2020 22:29:03 +05:30,Twitter for iPhone
Tweet With Image,05-Jan-2020 20:26:34 +05:30,Twitter for iPhone
ReTweet,05-Jan-2020 19:53:09 +05:30,Twitter for iPhone
Reply To Tweet,05-Jan-2020 19:52:52 +05:30,Twitter for iPhone
ReTweet,05-Jan-2020 19:51:33 +05:30,Twitter for iPhone
ReTweet,05-Jan-2020 19:51:14 +05:30,Twitter for iPhone
ReTweet,05-Jan-2020 19:50:53 +05:30,Twitter for iPhone
ReTweet,05-Jan-2020 19:50:48 +05:30,Twitter for iPhone
ReTweet,05-Jan-2020 19:50:21 +05:30,Twitter for iPhone
ReTweet,05-Jan-2020 10:01:33 +05:30,Twitter for iPhone
ReTweet,05-Jan-2020 09:53:21 +05:30,Twitter for iPhone
ReTweet,05-Jan-2020 09:53:12 +05:30,Twitter for iPhone
ReTweet,05-Jan-2020 09:52:58 +05:30,Twitter for iPhone
ReTweet,05-Jan-2020 09:52:52 +05:30,Twitter for iPhone
ReTweet,05-Jan-2020 07:58:31 +05:30,Twitter for iPhone
ReTweet,05-Jan-2020 03:50:02 +05:30,Twitter for iPhone
Tweet With Image,05-Jan-2020 03:47:37 +05:30,Twitter for iPhone
ReTweet,05-Jan-2020 03:47:18 +05:30,Twitter for iPhone
Tweet With Video,05-Jan-2020 03:08:13 +05:30,Twitter for iPhone
ReTweet,05-Jan-2020 03:06:50 +05:30,Twitter for iPhone
Tweet With Video,05-Jan-2020 01:51:18 +05:30,Twitter for iPhone
ReTweet,05-Jan-2020 01:18:33 +05:30,Twitter for iPhone
Tweet With Image,05-Jan-2020 01:10:10 +05:30,Twitter for iPhone
ReTweet,05-Jan-2020 00:14:02 +05:30,Twitter for iPhone
ReTweet,05-Jan-2020 00:13:58 +05:30,Twitter for iPhone
ReTweet,05-Jan-2020 00:13:40 +05:30,Twitter for iPhone
ReTweet,05-Jan-2020 00:13:32 +05:30,Twitter for iPhone
ReTweet,05-Jan-2020 00:13:27 +05:30,Twitter for iPhone
ReTweet,05-Jan-2020 00:13:20 +05:30,Twitter for iPhone
Tweet With Video,05-Jan-2020 00:09:04 +05:30,Twitter for iPhone
Tweet With Video,04-Jan-2020 23:51:15 +05:30,Twitter for iPhone
ReTweet,04-Jan-2020 23:43:43 +05:30,Twitter for iPhone
ReTweet,04-Jan-2020 23:43:39 +05:30,Twitter for iPhone
Tweet With Video,04-Jan-2020 23:42:19 +05:30,Twitter for iPhone
Tweet With Video,04-Jan-2020 23:41:06 +05:30,Twitter for iPhone
ReTweet,04-Jan-2020 23:32:18 +05:30,Twitter for iPhone
ReTweet,04-Jan-2020 23:32:16 +05:30,Twitter for iPhone
ReTweet,04-Jan-2020 23:32:12 +05:30,Twitter for iPhone
ReTweet,04-Jan-2020 23:32:08 +05:30,Twitter for iPhone
ReTweet,04-Jan-2020 23:32:02 +05:30,Twitter for iPhone
ReTweet,04-Jan-2020 22:31:05 +05:30,Twitter for iPhone
Tweet With Image,04-Jan-2020 22:28:08 +05:30,Twitter for iPhone
ReTweet,04-Jan-2020 20:26:03 +05:30,Twitter for iPhone
ReTweet,04-Jan-2020 20:08:29 +05:30,Twitter for iPhone
ReTweet,04-Jan-2020 20:08:09 +05:30,Twitter for iPhone
ReTweet,04-Jan-2020 19:37:20 +05:30,Twitter for iPhone
ReTweet,04-Jan-2020 19:36:45 +05:30,Twitter for iPhone
Reply To Tweet,04-Jan-2020 19:36:32 +05:30,Twitter for iPhone
ReTweet,04-Jan-2020 16:03:36 +05:30,Twitter for iPhone
ReTweet,04-Jan-2020 11:14:55 +05:30,Twitter for iPhone
ReTweet,04-Jan-2020 11:14:52 +05:30,Twitter for iPhone
ReTweet,04-Jan-2020 11:14:49 +05:30,Twitter for iPhone
ReTweet,04-Jan-2020 11:14:46 +05:30,Twitter for iPhone
ReTweet,04-Jan-2020 11:14:38 +05:30,Twitter for iPhone
ReTweet,04-Jan-2020 11:14:34 +05:30,Twitter for iPhone
ReTweet,04-Jan-2020 11:14:28 +05:30,Twitter for iPhone
ReTweet,04-Jan-2020 11:14:25 +05:30,Twitter for iPhone
ReTweet,04-Jan-2020 11:14:14 +05:30,Twitter for iPhone
ReTweet,04-Jan-2020 11:14:11 +05:30,Twitter for iPhone
ReTweet,04-Jan-2020 11:14:08 +05:30,Twitter for iPhone
ReTweet,04-Jan-2020 11:14:03 +05:30,Twitter for iPhone
ReTweet,04-Jan-2020 11:13:53 +05:30,Twitter for iPhone
ReTweet,04-Jan-2020 11:13:44 +05:30,Twitter for iPhone
ReTweet,04-Jan-2020 11:13:40 +05:30,Twitter for iPhone
ReTweet,04-Jan-2020 11:13:38 +05:30,Twitter for iPhone
ReTweet,04-Jan-2020 11:13:35 +05:30,Twitter for iPhone
ReTweet,04-Jan-2020 11:13:24 +05:30,Twitter for iPhone
ReTweet,04-Jan-2020 10:36:25 +05:30,Twitter for iPhone
ReTweet,04-Jan-2020 10:36:13 +05:30,Twitter for iPhone
ReTweet,04-Jan-2020 10:36:10 +05:30,Twitter for iPhone
ReTweet,04-Jan-2020 10:27:29 +05:30,Twitter for iPhone
ReTweet,04-Jan-2020 10:27:25 +05:30,Twitter for iPhone
ReTweet,04-Jan-2020 10:27:21 +05:30,Twitter for iPhone
ReTweet,04-Jan-2020 10:27:12 +05:30,Twitter for iPhone
ReTweet,04-Jan-2020 09:07:49 +05:30,Twitter for iPhone
Tweet,04-Jan-2020 08:52:58 +05:30,Twitter for iPhone
ReTweet,04-Jan-2020 08:51:09 +05:30,Twitter for iPhone
ReTweet,04-Jan-2020 08:51:03 +05:30,Twitter for iPhone
Tweet With Image,04-Jan-2020 08:28:22 +05:30,Twitter for iPhone
Tweet With Image,04-Jan-2020 08:10:24 +05:30,Twitter for iPhone
Tweet With Image,04-Jan-2020 08:09:34 +05:30,Twitter for iPhone
ReTweet,04-Jan-2020 08:06:01 +05:30,Twitter for iPhone
ReTweet,04-Jan-2020 08:05:58 +05:30,Twitter for iPhone
ReTweet,04-Jan-2020 07:14:43 +05:30,Twitter for iPhone
ReTweet,04-Jan-2020 07:14:41 +05:30,Twitter for iPhone
ReTweet,04-Jan-2020 07:14:38 +05:30,Twitter for iPhone
Tweet,04-Jan-2020 07:14:24 +05:30,Twitter for iPhone
Tweet With Video,04-Jan-2020 07:14:01 +05:30,Twitter for iPhone
Tweet With Video,04-Jan-2020 07:07:51 +05:30,Twitter for iPhone
ReTweet,04-Jan-2020 06:53:26 +05:30,Twitter for iPhone
ReTweet,04-Jan-2020 06:47:26 +05:30,Twitter for iPhone
Tweet With Image,04-Jan-2020 06:39:48 +05:30,Twitter for iPhone
ReTweet,04-Jan-2020 06:31:25 +05:30,Twitter for iPhone
Tweet With Image,04-Jan-2020 06:31:21 +05:30,Twitter for iPhone
ReTweet,04-Jan-2020 06:27:24 +05:30,Twitter for iPhone
Tweet With Image,04-Jan-2020 06:27:14 +05:30,Twitter for iPhone
ReTweet,04-Jan-2020 06:06:30 +05:30,Twitter for iPhone
Tweet With Image,04-Jan-2020 06:05:46 +05:30,Twitter for iPhone
Tweet With Image,04-Jan-2020 05:19:58 +05:30,Twitter for iPhone
Tweet With Image,04-Jan-2020 04:57:41 +05:30,Twitter for iPhone
Tweet With Video,04-Jan-2020 04:06:42 +05:30,Twitter for iPhone
ReTweet,04-Jan-2020 04:00:35 +05:30,Twitter for iPhone
ReTweet,04-Jan-2020 04:00:27 +05:30,Twitter for iPhone
ReTweet,04-Jan-2020 03:55:03 +05:30,Twitter for iPhone
ReTweet,04-Jan-2020 03:55:00 +05:30,Twitter for iPhone
ReTweet,04-Jan-2020 03:47:21 +05:30,Twitter for iPhone
ReTweet,04-Jan-2020 02:58:28 +05:30,Twitter for iPhone
Tweet,04-Jan-2020 02:58:19 +05:30,Twitter for iPhone
ReTweet,04-Jan-2020 02:40:02 +05:30,Twitter for iPhone
ReTweet,04-Jan-2020 02:39:07 +05:30,Twitter for iPhone
ReTweet,04-Jan-2020 02:15:16 +05:30,Twitter for iPhone
Tweet,04-Jan-2020 02:15:09 +05:30,Twitter for iPhone
ReTweet,04-Jan-2020 02:14:18 +05:30,Twitter for iPhone
ReTweet,04-Jan-2020 02:14:13 +05:30,Twitter for iPhone
ReTweet,04-Jan-2020 02:14:02 +05:30,Twitter for iPhone
Tweet With Image,04-Jan-2020 01:43:43 +05:30,Twitter for iPhone
ReTweet,04-Jan-2020 01:19:47 +05:30,Twitter for iPhone
Tweet With Video,04-Jan-2020 01:12:30 +05:30,Twitter for iPhone
ReTweet,04-Jan-2020 01:06:44 +05:30,Twitter for iPhone
ReTweet,04-Jan-2020 01:05:33 +05:30,Twitter for iPhone
ReTweet,04-Jan-2020 01:00:11 +05:30,Twitter for iPhone
Tweet With Video,04-Jan-2020 00:59:58 +05:30,Twitter for iPhone
ReTweet,04-Jan-2020 00:57:09 +05:30,Twitter for iPhone
ReTweet,04-Jan-2020 00:56:58 +05:30,Twitter for iPhone
ReTweet,04-Jan-2020 00:56:49 +05:30,Twitter for iPhone
ReTweet,03-Jan-2020 23:32:24 +05:30,Twitter for iPhone
ReTweet,03-Jan-2020 23:32:21 +05:30,Twitter for iPhone
Tweet With Image,03-Jan-2020 23:01:56 +05:30,Twitter for iPhone
Tweet With Image,03-Jan-2020 22:02:53 +05:30,Twitter for iPhone
ReTweet,03-Jan-2020 21:39:13 +05:30,Twitter for iPhone
ReTweet,03-Jan-2020 21:31:12 +05:30,Twitter for iPhone
ReTweet,03-Jan-2020 21:31:07 +05:30,Twitter for iPhone
Reply To Tweet,03-Jan-2020 21:30:53 +05:30,Twitter for iPhone
ReTweet,03-Jan-2020 21:30:20 +05:30,Twitter for iPhone
Tweet With Video,03-Jan-2020 21:29:58 +05:30,Twitter for iPhone
Tweet With Video,03-Jan-2020 20:56:16 +05:30,Twitter for iPhone
Tweet With Image,03-Jan-2020 20:44:11 +05:30,Twitter for iPhone
ReTweet,03-Jan-2020 19:55:33 +05:30,Twitter for iPhone
Reply To Tweet,03-Jan-2020 19:55:26 +05:30,Twitter for iPhone
ReTweet,03-Jan-2020 19:17:05 +05:30,Twitter for iPhone
ReTweet,03-Jan-2020 04:20:14 +05:30,Twitter for iPhone
ReTweet,03-Jan-2020 03:50:47 +05:30,Twitter for iPhone
ReTweet,03-Jan-2020 01:41:52 +05:30,Twitter for iPhone
ReTweet,03-Jan-2020 00:49:32 +05:30,Twitter for iPhone
Tweet,03-Jan-2020 00:48:59 +05:30,Twitter for iPhone
Tweet With Image,02-Jan-2020 23:49:33 +05:30,Twitter for iPhone
ReTweet,02-Jan-2020 23:40:28 +05:30,Twitter for iPhone
Tweet With Video,02-Jan-2020 23:35:25 +05:30,Twitter for iPhone
ReTweet,02-Jan-2020 09:50:42 +05:30,Twitter for iPhone
ReTweet,02-Jan-2020 09:50:29 +05:30,Twitter for iPhone
ReTweet,02-Jan-2020 02:49:12 +05:30,Twitter for iPhone
ReTweet,02-Jan-2020 02:49:10 +05:30,Twitter for iPhone
ReTweet,02-Jan-2020 01:29:31 +05:30,Twitter for iPhone
Reply To Tweet,02-Jan-2020 01:28:22 +05:30,Twitter for iPhone
Tweet With Image,02-Jan-2020 01:25:40 +05:30,Twitter for iPhone
Tweet With Image,02-Jan-2020 01:25:28 +05:30,Twitter for iPhone
Tweet With Image,01-Jan-2020 21:17:21 +05:30,Twitter for iPhone
ReTweet,01-Jan-2020 17:30:55 +05:30,Twitter for iPhone
ReTweet,01-Jan-2020 17:29:48 +05:30,Twitter for iPhone
Tweet With Video,01-Jan-2020 17:29:32 +05:30,Twitter for iPhone
ReTweet,01-Jan-2020 17:22:11 +05:30,Twitter for iPhone
ReTweet,01-Jan-2020 07:49:54 +05:30,Twitter for iPhone
Tweet With Image,01-Jan-2020 07:10:00 +05:30,Twitter for iPhone
ReTweet,01-Jan-2020 06:21:00 +05:30,Twitter for iPhone
Tweet With Video,01-Jan-2020 06:20:21 +05:30,Twitter for iPhone
Reply To Tweet,01-Jan-2020 05:44:34 +05:30,Twitter for iPhone
ReTweet,01-Jan-2020 05:44:26 +05:30,Twitter for iPhone
ReTweet,01-Jan-2020 05:44:22 +05:30,Twitter for iPhone
ReTweet,01-Jan-2020 05:34:45 +05:30,Twitter for iPhone
Tweet,01-Jan-2020 05:34:38 +05:30,Twitter for iPhone
Tweet With Image,01-Jan-2020 04:53:49 +05:30,Twitter for iPhone
ReTweet,01-Jan-2020 04:00:37 +05:30,Twitter for iPhone
Tweet With Image,01-Jan-2020 03:45:30 +05:30,Twitter for iPhone
ReTweet,01-Jan-2020 03:43:56 +05:30,Twitter for iPhone
Tweet,01-Jan-2020 03:43:46 +05:30,Twitter for iPhone
ReTweet,01-Jan-2020 03:30:28 +05:30,Twitter for iPhone
ReTweet,01-Jan-2020 03:30:07 +05:30,Twitter for iPhone
Tweet With Image,01-Jan-2020 03:29:56 +05:30,Twitter for iPhone
Tweet With Video,01-Jan-2020 03:16:27 +05:30,Twitter for iPhone
ReTweet,01-Jan-2020 02:46:24 +05:30,Twitter for iPhone
ReTweet,01-Jan-2020 02:45:34 +05:30,Twitter for iPhone
Tweet,01-Jan-2020 02:45:25 +05:30,Twitter for iPhone
Reply To Tweet,30-Apr-2020 01:43:08 +05:30,Twitter for iPhone
Reply To Tweet,30-Apr-2020 01:42:22 +05:30,Twitter for iPhone
Reply To Tweet,30-Apr-2020 01:40:12 +05:30,Twitter for iPhone
Reply To Tweet,30-Apr-2020 01:38:47 +05:30,Twitter for iPhone
ReTweet,30-Apr-2020 01:24:38 +05:30,Twitter for iPhone
Tweet With Video,30-Apr-2020 01:18:17 +05:30,Twitter for iPhone
Reply To Tweet,29-Apr-2020 20:01:10 +05:30,Twitter for iPhone
ReTweet,29-Apr-2020 18:26:58 +05:30,Twitter for iPhone
ReTweet,29-Apr-2020 18:26:46 +05:30,Twitter for iPhone
ReTweet,29-Apr-2020 18:26:39 +05:30,Twitter for iPhone
ReTweet,29-Apr-2020 18:26:28 +05:30,Twitter for iPhone
ReTweet,29-Apr-2020 15:25:09 +05:30,Twitter for iPhone
ReTweet,29-Apr-2020 14:50:59 +05:30,Twitter for iPhone
Tweet,29-Apr-2020 14:50:25 +05:30,Twitter for iPhone
ReTweet,27-Apr-2020 13:20:08 +05:30,Twitter for iPhone
Tweet With Image,27-Apr-2020 13:19:58 +05:30,Twitter for iPhone
ReTweet,24-Apr-2020 13:33:09 +05:30,Twitter for iPhone
Reply To Tweet,24-Apr-2020 13:33:03 +05:30,Twitter for iPhone
ReTweet,24-Apr-2020 13:32:50 +05:30,Twitter for iPhone
ReTweet,24-Apr-2020 11:06:15 +05:30,Twitter for iPhone
ReTweet,23-Apr-2020 00:09:26 +05:30,Twitter for iPhone
Tweet,23-Apr-2020 00:09:14 +05:30,Twitter for iPhone
ReTweet,22-Apr-2020 02:03:20 +05:30,Twitter for iPhone
Tweet With Image,22-Apr-2020 02:02:50 +05:30,Twitter for iPhone
ReTweet,22-Apr-2020 01:45:32 +05:30,Twitter for iPhone
Tweet With Video,22-Apr-2020 01:39:49 +05:30,Twitter for iPhone
ReTweet,22-Apr-2020 00:01:02 +05:30,Twitter for iPhone
Tweet With Video,22-Apr-2020 00:00:49 +05:30,Twitter for iPhone
ReTweet,21-Apr-2020 01:59:29 +05:30,Twitter for iPhone
ReTweet,20-Apr-2020 15:59:19 +05:30,Twitter for iPhone
Tweet With Image,20-Apr-2020 15:59:07 +05:30,Twitter for iPhone
ReTweet,20-Apr-2020 09:45:23 +05:30,Twitter for iPhone
Tweet With Video,20-Apr-2020 09:44:28 +05:30,Twitter for iPhone
ReTweet,19-Apr-2020 17:49:35 +05:30,Twitter for iPhone
Reply To Tweet,19-Apr-2020 17:49:18 +05:30,Twitter for iPhone
ReTweet,18-Apr-2020 04:56:51 +05:30,Twitter for iPhone
ReTweet,18-Apr-2020 04:49:48 +05:30,Twitter for iPhone
ReTweet,17-Apr-2020 06:38:33 +05:30,Twitter for iPhone
Tweet,17-Apr-2020 06:38:12 +05:30,Twitter for iPhone
ReTweet,17-Apr-2020 01:55:44 +05:30,Twitter for iPhone
ReTweet,11-Apr-2020 22:57:29 +05:30,Twitter for iPhone
Tweet With Video,11-Apr-2020 22:55:02 +05:30,Twitter for iPhone
ReTweet,04-Apr-2020 05:52:18 +05:30,Twitter for iPhone
ReTweet,04-Apr-2020 05:52:08 +05:30,Twitter for iPhone
ReTweet,04-Apr-2020 05:51:57 +05:30,Twitter for iPhone
ReTweet,04-Apr-2020 05:31:16 +05:30,Twitter for iPhone
ReTweet,04-Apr-2020 05:26:03 +05:30,Twitter for iPhone
ReTweet,04-Apr-2020 05:19:04 +05:30,Twitter for iPhone
ReTweet,03-Apr-2020 18:54:13 +05:30,Twitter for iPhone
Tweet,03-Apr-2020 18:53:36 +05:30,Twitter for iPhone
ReTweet,02-Apr-2020 22:48:46 +05:30,Twitter for iPhone
Tweet With Video,02-Apr-2020 22:43:00 +05:30,Twitter for iPhone
ReTweet,02-Apr-2020 13:19:30 +05:30,Twitter for iPhone
Tweet,02-Apr-2020 13:19:09 +05:30,Twitter for iPhone
ReTweet,02-Apr-2020 06:00:08 +05:30,Twitter for iPhone
Tweet,02-Apr-2020 05:20:46 +05:30,Twitter for iPhone
ReTweet,01-Apr-2020 01:09:29 +05:30,Twitter for iPhone
Reply To Tweet,30-Mar-2020 03:42:42 +05:30,Twitter for iPhone
ReTweet,30-Mar-2020 03:05:34 +05:30,Twitter for iPhone
ReTweet,29-Mar-2020 22:11:17 +05:30,Twitter for iPhone
Tweet,29-Mar-2020 22:10:57 +05:30,Twitter for iPhone
ReTweet,29-Mar-2020 00:23:08 +05:30,Twitter for iPhone
ReTweet,28-Mar-2020 22:01:17 +05:30,Twitter for iPhone
ReTweet,28-Mar-2020 20:35:33 +05:30,Twitter for iPhone
ReTweet,28-Mar-2020 20:05:18 +05:30,Twitter for iPhone
ReTweet,28-Mar-2020 20:05:14 +05:30,Twitter for iPhone
ReTweet,28-Mar-2020 20:05:03 +05:30,Twitter for iPhone
ReTweet,28-Mar-2020 19:49:42 +05:30,Twitter for iPhone
ReTweet,28-Mar-2020 19:47:05 +05:30,Twitter for iPhone
ReTweet,28-Mar-2020 18:34:38 +05:30,Twitter for iPhone
Tweet,28-Mar-2020 18:34:04 +05:30,Twitter for iPhone
ReTweet,28-Mar-2020 18:02:25 +05:30,Twitter for iPhone
ReTweet,28-Mar-2020 16:32:56 +05:30,Twitter for iPhone
ReTweet,28-Mar-2020 16:32:34 +05:30,Twitter for iPhone
Reply To Tweet,28-Mar-2020 03:16:52 +05:30,Twitter for iPhone
ReTweet,28-Mar-2020 03:15:45 +05:30,Twitter for iPhone
Tweet With Image,28-Mar-2020 01:12:45 +05:30,Twitter for iPhone
ReTweet,27-Mar-2020 19:38:55 +05:30,Twitter for iPhone
ReTweet,27-Mar-2020 04:55:13 +05:30,Twitter for iPhone
Tweet,27-Mar-2020 04:54:57 +05:30,Twitter for iPhone
ReTweet,26-Mar-2020 03:23:32 +05:30,Twitter for iPhone
ReTweet,25-Mar-2020 04:17:56 +05:30,Twitter for iPhone
Tweet,25-Mar-2020 04:16:01 +05:30,Twitter for iPhone
ReTweet,24-Mar-2020 17:06:19 +05:30,Twitter for iPhone
Reply To Tweet,24-Mar-2020 17:06:16 +05:30,Twitter for iPhone
ReTweet,24-Mar-2020 04:10:40 +05:30,Twitter for iPhone
Tweet,24-Mar-2020 04:02:06 +05:30,Twitter for iPhone
ReTweet,23-Mar-2020 20:04:53 +05:30,Twitter for iPhone
Tweet With Image,23-Mar-2020 20:04:40 +05:30,Twitter for iPhone
ReTweet,23-Mar-2020 02:59:24 +05:30,Twitter for iPhone
ReTweet,22-Mar-2020 04:58:10 +05:30,Twitter for iPhone
Tweet With Image,22-Mar-2020 04:53:48 +05:30,Twitter for iPhone
ReTweet,22-Mar-2020 04:52:37 +05:30,Twitter for iPhone
Tweet,22-Mar-2020 04:51:41 +05:30,Twitter for iPhone
ReTweet,22-Mar-2020 04:33:21 +05:30,Twitter for iPhone
Tweet,22-Mar-2020 04:33:10 +05:30,Twitter for iPhone
ReTweet,21-Mar-2020 18:44:16 +05:30,Twitter for iPhone
Tweet With Image,21-Mar-2020 18:43:38 +05:30,Twitter for iPhone
ReTweet,21-Mar-2020 17:00:31 +05:30,Twitter for iPhone
Reply To Tweet,21-Mar-2020 17:00:26 +05:30,Twitter for iPhone
